City_ID,City,Country,Date,Lat,Lng,Max Temp,Humidity,Cloudiness,Wind Speed
0,Hithadhoo,MV,2020-08-24 02:48:37,-0.6,73.08,82.29,80,99,13.38
1,Moranbah,AU,2020-08-24 02:48:37,-22.0,148.05,71.51,22,9,11.52
2,Ashington,GB,2020-08-24 02:48:37,50.93,-0.39,57.0,3,100,1.99
3,Pangoa,PE,2020-08-24 02:48:38,-12.12,-73.0,64.04,83,9,2.35
4,Guanica,PR,2020-08-24 02:48:38,17.97,-66.91,80.01,80,100,7.18
5,Mataura,NZ,2020-08-24 02:45:40,-46.19,168.86,60.01,69,50,4.0
6,Punta Arenas,CL,2020-08-24 02:44:04,-53.15,-70.92,33.8,86,13,18.34
7,Moree,AU,2020-08-24 02:48:38,-29.47,149.85,59.0,46,0,13.87
8,Hermanus,ZA,2020-08-24 02:45:44,-34.42,19.23,55.0,95,100,7.45
9,Bodden Town,KY,2020-08-24 02:48:39,19.28,-81.25,86.0,84,20,8.46
10,Rikitea,PF,2020-08-24 02:45:42,-23.12,-134.97,71.26,83,12,18.32
11,Hamilton,US,2020-08-24 02:48:40,39.18,-84.53,75.0,94,40,2.35
12,Bluff,NZ,2020-08-24 02:48:40,-46.6,168.33,60.01,69,54,4.0
13,Port Alfred,ZA,2020-08-24 02:48:40,-33.59,26.89,57.47,81,100,10.13
14,Ponta Do Sol,PT,2020-08-24 02:48:40,32.67,-17.1,75.2,60,20,19.46
15,La Asuncion,VE,2020-08-24 02:38:43,11.03,-63.86,80.6,78,88,2.24
16,Sur,OM,2020-08-24 02:48:41,22.57,59.53,78.96,79,70,11.48
17,Cape Town,ZA,2020-08-24 02:44:29,-33.93,18.42,57.99,93,20,11.41
18,Nkhata Bay,MW,2020-08-24 02:48:41,-11.61,34.29,68.79,70,99,3.4
19,Port Elizabeth,ZA,2020-08-24 02:48:41,-33.92,25.57,57.2,87,75,10.29
20,Tolmin,SI,2020-08-24 02:48:41,46.18,13.73,63.0,78,92,1.01
21,Rio Grande,BR,2020-08-24 02:48:42,-32.03,-52.1,55.0,95,0,15.28
22,Ushuaia,AR,2020-08-24 02:48:42,-54.8,-68.3,32.0,91,40,6.93
23,Narsaq,GL,2020-08-24 02:45:58,60.92,-46.05,44.6,75,20,4.7
24,Lamar,US,2020-08-24 02:48:42,33.67,-95.58,78.8,61,1,6.93
25,Mount Isa,AU,2020-08-24 02:48:43,-20.73,139.5,75.2,14,0,9.17
26,Hudson Bay,CA,2020-08-24 02:48:43,52.85,-102.38,61.32,67,16,6.6
27,Yumen,CN,2020-08-24 02:48:43,40.28,97.2,84.22,14,2,11.3
28,New Norfolk,AU,2020-08-24 02:48:43,-42.78,147.06,50.0,75,94,1.99
29,Namatanai,PG,2020-08-24 02:48:43,-3.67,152.43,76.41,86,100,8.25
30,Mahebourg,MU,2020-08-24 02:46:21,-20.41,57.7,71.6,73,40,16.11
31,Codrington,AU,2020-08-24 02:48:44,-38.27,141.97,51.49,61,36,11.54
32,Georgetown,MY,2020-08-24 02:48:44,5.41,100.34,84.2,79,20,5.82
33,Nanlong,CN,2020-08-24 02:48:44,31.35,106.06,78.6,75,98,7.07
34,Golden Gate,US,2020-08-24 02:45:45,26.19,-81.7,84.2,74,1,11.41
35,Hay River,CA,2020-08-24 02:48:45,60.82,-115.8,55.4,82,75,3.36
36,Morondava,MG,2020-08-24 02:48:45,-20.28,44.28,71.08,87,5,8.32
37,Samarai,PG,2020-08-24 02:48:45,-10.62,150.67,76.69,79,100,15.66
38,Malazgirt,TR,2020-08-24 02:48:45,39.14,42.54,54.75,63,0,3.83
39,Nago,JP,2020-08-24 02:48:45,26.59,127.98,80.01,94,75,26.4
40,Walvis Bay,NA,2020-08-24 02:48:46,-22.96,14.51,54.0,93,0,6.93
41,Butaritari,KI,2020-08-24 02:48:46,3.07,172.79,83.3,72,99,11.23
42,Isangel,VU,2020-08-24 02:46:20,-19.55,169.27,82.67,73,21,6.82
43,Jamestown,US,2020-08-24 02:45:09,42.1,-79.24,69.01,93,1,4.7
44,Raudeberg,NO,2020-08-24 02:46:02,61.99,5.14,48.0,83,99,16.28
45,Kapaa,US,2020-08-24 02:48:46,22.08,-159.32,86.0,66,20,12.75
46,Airai,TL,2020-08-24 02:48:47,-8.93,125.41,75.65,37,0,7.27
47,Dumai,ID,2020-08-24 02:48:47,1.68,101.45,87.24,57,19,4.18
48,Flinders,AU,2020-08-24 02:39:02,-34.58,150.86,62.01,41,0,3.0
49,Busselton,AU,2020-08-24 02:48:47,-33.65,115.33,64.99,48,5,3.22
50,Bambous Virieux,MU,2020-08-24 02:48:47,-20.34,57.76,71.6,73,40,16.11
51,Victoria,HK,2020-08-24 02:48:37,22.29,114.16,91.0,70,0,5.01
52,Rusape,ZW,2020-08-24 02:48:48,-18.53,32.13,48.92,81,0,3.69
53,Iaciara,BR,2020-08-24 02:48:48,-14.1,-46.63,71.65,61,50,3.11
54,Albany,US,2020-08-24 02:44:09,42.6,-73.97,66.99,91,41,1.97
55,Constitucion,CL,2020-08-24 02:45:48,-35.33,-72.42,50.65,82,100,14.23
56,Puerto Escondido,MX,2020-08-24 02:46:06,15.85,-97.07,79.18,81,100,3.67
57,Astara,AZ,2020-08-24 02:48:49,38.5,48.67,48.2,100,75,11.41
58,Dikson,RU,2020-08-24 02:48:49,73.51,80.55,46.13,81,0,12.55
59,Ahuimanu,US,2020-08-24 02:48:49,21.44,-157.84,87.8,62,40,11.41
60,Upernavik,GL,2020-08-24 02:48:50,72.79,-56.15,43.97,80,100,2.53
61,Canton,CN,2020-08-24 02:48:50,23.12,113.25,93.0,62,20,2.24
62,Saint-Philippe,RE,2020-08-24 02:45:57,-21.36,55.77,69.8,59,40,8.05
63,Banda Aceh,ID,2020-08-24 02:48:50,5.56,95.32,84.88,69,53,9.01
64,Hilo,US,2020-08-24 02:48:50,19.73,-155.09,82.4,69,90,9.17
65,Saldanha,ZA,2020-08-24 02:48:50,-33.01,17.94,50.0,93,91,5.82
66,Ternate,ID,2020-08-24 02:48:51,0.8,127.4,82.81,71,46,4.54
67,Dolores,AR,2020-08-24 02:48:51,-36.31,-57.68,53.08,88,1,11.16
68,Pekan,MY,2020-08-24 02:48:51,3.48,103.4,84.2,70,20,1.12
69,Velikiy Ustyug,RU,2020-08-24 02:43:55,60.76,46.31,59.32,93,100,5.46
70,Torbay,CA,2020-08-24 02:48:52,47.67,-52.73,60.01,82,5,16.11
71,Atasu,KZ,2020-08-24 02:48:52,48.68,71.64,65.26,47,97,6.15
72,Carmen,MX,2020-08-24 02:48:52,18.63,-91.83,82.56,81,100,13.11
73,Puerto Ayora,EC,2020-08-24 02:48:52,-0.74,-90.35,66.0,89,27,4.0
74,Ugoofaaru,MV,2020-08-24 02:48:53,5.67,73.0,84.06,67,35,6.71
75,Praya,CV,2020-08-24 02:48:53,14.92,-23.51,80.6,83,40,5.82
76,Sao Tome,ST,2020-08-24 02:48:53,0.34,6.73,74.95,77,99,8.23
77,Isny,DE,2020-08-24 02:48:53,47.7,10.03,57.0,92,65,1.88
78,Severo-Kurilsk,RU,2020-08-24 02:48:53,50.68,156.12,54.64,83,54,4.9
79,Richards Bay,ZA,2020-08-24 02:48:54,-28.78,32.04,59.74,81,0,2.91
80,Kavieng,PG,2020-08-24 02:48:54,-2.57,150.8,76.15,90,100,3.27
81,Asyut,EG,2020-08-24 02:48:54,27.18,31.18,75.2,53,0,9.17
82,Coihaique,CL,2020-08-24 02:48:04,-45.58,-72.07,33.8,95,79,4.7
83,Feltre,IT,2020-08-24 02:48:55,46.02,11.91,62.01,98,78,4.05
84,Caohai,CN,2020-08-24 02:48:55,26.87,104.28,64.83,86,100,5.99
85,Lasa,IT,2020-08-24 02:48:55,46.62,10.7,53.6,93,5,5.82
86,Lumsden,CA,2020-08-24 02:46:04,50.65,-104.87,71.6,37,20,5.82
87,Lompoc,US,2020-08-24 02:48:56,34.64,-120.46,70.0,77,1,9.17
88,Barrow,US,2020-08-24 02:48:56,71.29,-156.79,46.4,75,1,8.05
89,Puerto Baquerizo Moreno,EC,2020-08-24 02:48:56,-0.9,-89.6,64.87,86,63,12.35
90,Avarua,CK,2020-08-24 02:48:56,-21.21,-159.78,75.2,69,6,4.7
91,Maumere,ID,2020-08-24 02:48:57,-8.62,122.21,82.36,61,0,1.92
92,Hobart,AU,2020-08-24 02:48:31,-42.88,147.33,50.0,70,75,16.11
93,Chokurdakh,RU,2020-08-24 02:48:57,70.63,147.92,38.5,75,100,10.2
94,Katsuura,JP,2020-08-24 02:46:21,35.13,140.3,89.01,58,40,9.17
95,Finote Selam,ET,2020-08-24 02:48:57,10.7,37.27,56.57,93,100,2.06
96,Dzaoudzi,YT,2020-08-24 02:48:57,-12.79,45.27,75.2,83,75,12.75
97,Whitehorse,CA,2020-08-24 02:48:58,60.72,-135.05,60.8,77,75,3.36
98,Talnakh,RU,2020-08-24 02:48:58,69.49,88.4,60.8,77,98,17.9
99,Atuona,PF,2020-08-24 02:45:44,-9.8,-139.03,78.13,78,5,17.05
100,Egvekinot,RU,2020-08-24 02:48:58,66.32,-179.17,51.55,76,74,5.61
101,Quatre Cocos,MU,2020-08-24 02:48:58,-20.21,57.76,71.6,73,40,16.11
102,Pangnirtung,CA,2020-08-24 02:48:59,66.15,-65.71,45.43,79,100,1.99
103,Shimanovsk,RU,2020-08-24 02:48:59,52.0,127.7,68.81,84,92,6.06
104,Kruisfontein,ZA,2020-08-24 02:48:59,-34.0,24.73,55.0,88,100,5.53
105,Asau,RO,2020-08-24 02:48:59,46.43,26.4,62.01,92,11,2.91
106,Sao Joao Da Barra,BR,2020-08-24 02:45:59,-21.64,-41.05,63.55,74,6,11.1
107,Norman Wells,CA,2020-08-24 02:48:59,65.28,-126.83,69.8,43,40,16.11
108,Palana,RU,2020-08-24 02:49:00,59.12,159.97,45.55,88,100,8.12
109,Hasaki,JP,2020-08-24 02:46:12,35.73,140.83,89.01,74,75,11.41
110,Masterton,NZ,2020-08-24 02:49:00,-40.96,175.66,57.0,90,71,11.99
111,Cherskiy,RU,2020-08-24 02:49:00,68.75,161.3,39.36,93,100,8.81
112,Teguise,ES,2020-08-24 02:49:00,29.06,-13.56,73.4,78,0,25.28
113,Harnosand,SE,2020-08-24 02:49:01,62.63,17.94,51.01,93,100,9.17
114,Mount Gambier,AU,2020-08-24 02:49:01,-37.83,140.77,48.2,81,75,11.41
115,Kangaatsiaq,GL,2020-08-24 02:49:01,68.31,-53.46,43.5,88,0,10.36
116,Isiro,CD,2020-08-24 02:49:01,2.77,27.62,65.8,98,100,2.48
117,Tuktoyaktuk,CA,2020-08-24 02:49:02,69.45,-133.04,68.0,60,75,10.29
118,Pyaozerskiy,RU,2020-08-24 02:49:02,65.83,31.17,53.15,91,6,10.65
119,Mar Del Plata,AR,2020-08-24 02:49:02,-38.0,-57.56,51.01,81,46,11.41
120,Arraial Do Cabo,BR,2020-08-24 02:49:02,-22.97,-42.03,67.01,61,3,8.32
121,Susanville,US,2020-08-24 02:44:38,40.42,-120.65,87.8,28,1,9.17
122,Ormara,PK,2020-08-24 02:49:02,25.21,64.64,83.32,85,100,12.57
123,Plettenberg Bay,ZA,2020-08-24 02:49:03,-34.05,23.37,57.9,84,100,5.06
124,Husavik,IS,2020-08-24 02:49:03,66.04,-17.34,37.4,93,100,2.24
125,Shreveport,US,2020-08-24 02:47:54,32.53,-93.75,84.2,51,1,3.36
126,Fortuna,US,2020-08-24 02:48:02,40.6,-124.16,59.0,93,90,6.93
127,Pechora,RU,2020-08-24 02:49:04,65.15,57.22,51.4,74,15,7.14
128,Thompson,CA,2020-08-24 02:49:04,55.74,-97.86,53.6,100,90,6.93
129,Pevek,RU,2020-08-24 02:45:46,69.7,170.31,37.94,96,100,2.89
130,Kamaishi,JP,2020-08-24 02:49:04,39.27,141.88,82.4,69,40,4.7
131,Vagur,FO,2020-08-24 02:49:04,61.47,-6.81,49.32,79,42,7.81
132,Pasni,PK,2020-08-24 02:49:05,25.26,63.47,82.26,86,76,11.32
133,Yellowknife,CA,2020-08-24 02:49:05,62.46,-114.35,59.0,62,20,5.82
134,Khasan,RU,2020-08-24 02:49:05,42.43,130.64,72.77,83,100,10.78
135,Sibolga,ID,2020-08-24 02:49:05,1.74,98.78,85.69,59,32,3.11
136,Ilulissat,GL,2020-08-24 02:49:05,69.22,-51.1,39.2,80,0,4.16
137,Izumo,JP,2020-08-24 02:49:06,35.37,132.77,86.0,66,20,6.93
138,Bengkulu,ID,2020-08-24 02:45:40,-3.8,102.27,85.51,61,45,5.99
139,Wukari,NG,2020-08-24 02:49:06,7.85,9.78,71.24,96,100,3.74
140,Castro,BR,2020-08-24 02:49:06,-24.79,-50.01,48.2,91,53,13.49
141,Broome,US,2020-08-24 02:46:11,42.25,-75.83,71.01,77,1,3.36
142,Punta Alta,AR,2020-08-24 02:49:07,-38.88,-62.07,53.85,61,0,14.81
143,Finschhafen,PG,2020-08-24 02:49:07,-6.6,147.87,80.04,77,98,14.7
144,Vaini,TO,2020-08-24 02:49:07,-21.2,-175.2,80.6,83,20,9.17
145,Cabo San Lucas,MX,2020-08-24 02:44:14,22.89,-109.91,86.0,58,5,3.36
146,Amapa,BR,2020-08-24 02:49:07,1.0,-52.0,70.66,98,58,1.66
147,Tasiilaq,GL,2020-08-24 02:49:08,65.61,-37.64,37.4,93,4,1.12
148,Calabozo,VE,2020-08-24 02:47:30,8.92,-67.43,74.39,90,96,2.26
149,Cidreira,BR,2020-08-24 02:45:46,-30.18,-50.21,60.48,84,0,14.23
150,Luderitz,NA,2020-08-24 02:49:08,-26.65,15.16,55.56,72,0,8.7
151,Oranjestad,AW,2020-08-24 02:48:25,12.52,-70.03,84.2,79,20,20.8
152,Port Hardy,CA,2020-08-24 02:49:08,50.7,-127.42,60.8,72,75,9.17
153,Faanui,PF,2020-08-24 02:49:09,-16.48,-151.75,77.22,79,18,19.98
154,Kelowna,CA,2020-08-24 02:48:30,49.88,-119.49,75.0,43,1,16.11
155,Bambanglipuro,ID,2020-08-24 02:49:09,-7.95,110.28,82.45,66,63,13.27
156,Qaanaaq,GL,2020-08-24 02:49:09,77.48,-69.36,36.41,89,100,0.81
157,Vila Velha,BR,2020-08-24 02:49:09,-20.33,-40.29,66.2,77,4,11.41
158,Borba,BR,2020-08-24 02:49:09,-4.39,-59.59,76.17,56,0,2.46
159,Bulawayo,ZW,2020-08-24 02:49:10,-20.15,28.58,52.39,76,17,3.76
160,Chuy,UY,2020-08-24 02:49:10,-33.7,-53.46,53.69,89,0,10.71
161,Jibuti,DJ,2020-08-24 02:49:10,11.5,42.5,89.6,59,40,11.01
162,Arman,RU,2020-08-24 02:49:10,59.7,150.17,55.27,42,0,6.15
163,Lebu,CL,2020-08-24 02:49:10,-37.62,-73.65,50.5,91,100,17.87
164,Merauke,ID,2020-08-24 02:49:11,-8.47,140.33,82.89,60,66,12.15
165,Kongolo,CD,2020-08-24 02:49:11,-5.38,27.0,75.16,77,98,6.4
166,Tubuala,PA,2020-08-24 02:49:11,9.52,-79.03,78.8,94,40,3.36
167,Vadamadurai,IN,2020-08-24 02:49:12,10.47,78.08,79.27,71,100,4.76
168,Ancud,CL,2020-08-24 02:49:12,-41.87,-73.82,41.0,100,90,13.87
169,Mount Holly,US,2020-08-24 02:49:12,35.3,-81.02,73.99,94,90,5.82
170,Alvaraes,BR,2020-08-24 02:49:12,-3.22,-64.8,72.93,63,0,1.74
171,Sao Miguel Do Iguacu,BR,2020-08-24 02:49:12,-25.35,-54.24,68.0,49,57,8.05
172,Straumen,NO,2020-08-24 02:49:13,63.87,11.3,51.01,75,26,20.8
173,Tual,ID,2020-08-24 02:45:37,-5.67,132.75,79.12,78,11,19.64
174,Bethel,US,2020-08-24 02:49:13,41.37,-73.41,73.4,88,1,3.02
175,Oktyabrskiy,RU,2020-08-24 02:49:13,54.48,53.47,57.02,87,33,2.51
176,Sitka,US,2020-08-24 02:47:17,57.05,-135.33,57.2,82,90,4.7
177,Emerald,AU,2020-08-24 02:44:27,-23.53,148.17,72.0,18,0,6.93
178,Grindavik,IS,2020-08-24 02:49:14,63.84,-22.43,46.4,93,3,4.7
179,Tezu,IN,2020-08-24 02:49:14,27.92,96.17,87.8,60,80,2.59
180,Mehran,IR,2020-08-24 02:47:04,33.12,46.16,62.6,42,0,6.93
181,East London,ZA,2020-08-24 02:45:40,-33.02,27.91,58.62,72,100,5.73
182,Markova,UA,2020-08-24 02:49:15,48.68,24.41,64.4,100,75,4.47
183,Pangai,TO,2020-08-24 02:49:15,-19.8,-174.35,80.6,78,20,11.41
184,Visby,SE,2020-08-24 02:49:15,57.64,18.3,63.0,77,22,16.11
185,Simao,CN,2020-08-24 02:49:15,22.79,100.97,73.2,82,83,2.77
186,Portland,US,2020-08-24 02:48:44,45.52,-122.68,79.0,54,0,7.65
187,Seymchan,RU,2020-08-24 02:49:16,62.88,152.43,45.09,57,97,12.1
188,Prince Rupert,CA,2020-08-24 02:48:15,54.32,-130.32,55.4,100,90,3.36
189,Bollnas,SE,2020-08-24 02:49:16,61.35,16.39,50.0,96,75,3.0
190,Lloydminster,CA,2020-08-24 02:49:16,53.28,-110.0,64.4,63,40,5.82
191,Gondar,ET,2020-08-24 02:49:16,12.6,37.47,57.45,97,100,1.25
192,Chicama,PE,2020-08-24 02:49:17,-7.84,-79.15,59.88,84,10,5.1
193,Sao Felix Do Xingu,BR,2020-08-24 02:49:17,-6.64,-51.99,81.54,39,68,1.41
194,Strezhevoy,RU,2020-08-24 02:49:17,60.73,77.59,53.6,93,75,4.47
195,Kyren,RU,2020-08-24 02:49:17,51.68,102.14,63.97,53,15,1.7
196,Saint-Augustin,CA,2020-08-24 02:49:17,51.23,-58.65,55.26,79,59,8.57
197,Vardo,NO,2020-08-24 02:49:17,70.37,31.11,53.6,100,40,8.05
198,Saurimo,AO,2020-08-24 02:49:18,-9.66,20.39,61.38,47,0,1.14
199,Olafsvik,IS,2020-08-24 02:49:18,64.89,-23.71,49.41,74,10,3.27
200,San Pedro,PH,2020-08-24 02:49:18,14.35,121.02,90.0,73,100,7.0
201,Libenge,CD,2020-08-24 02:49:18,3.65,18.63,71.35,94,100,2.08
202,Cap Malheureux,MU,2020-08-24 02:49:19,-19.98,57.61,71.01,73,41,7.0
203,Indianola,US,2020-08-24 02:49:19,41.36,-93.56,82.4,54,20,6.93
204,Angoram,PG,2020-08-24 02:49:19,-4.06,144.07,78.35,93,100,2.39
205,Longyearbyen,SJ,2020-08-24 02:49:19,78.22,15.64,35.6,74,48,5.82
206,Tuatapere,NZ,2020-08-24 02:49:19,-46.13,167.68,60.01,69,8,4.0
207,Tupik,RU,2020-08-24 02:49:20,54.43,119.93,49.93,91,100,9.73
208,Ko Samui,TH,2020-08-24 02:49:20,9.54,99.94,87.8,70,20,5.82
209,Sorland,NO,2020-08-24 02:49:20,67.67,12.69,52.92,79,33,22.12
210,Tiksi,RU,2020-08-24 02:49:20,71.69,128.87,41.02,70,93,12.71
211,Zarinsk,RU,2020-08-24 02:49:20,53.71,84.95,60.37,78,91,6.6
212,San Cristobal,VE,2020-08-24 02:45:50,7.77,-72.22,66.16,92,95,3.4
213,Maxixe,MZ,2020-08-24 02:46:26,-23.86,35.35,62.08,81,0,7.11
214,Irtyshskiy,RU,2020-08-24 02:49:21,58.33,68.13,52.11,95,100,8.86
215,Carnarvon,AU,2020-08-24 02:49:21,-24.87,113.63,69.8,52,0,17.22
216,Geraldton,AU,2020-08-24 02:46:10,-28.77,114.6,60.8,72,0,9.17
217,Esperance,AU,2020-08-24 02:49:21,-33.87,121.9,59.0,82,40,9.17
218,Belaya Gora,RU,2020-08-24 02:49:22,68.53,146.42,41.27,65,100,7.49
219,Maniitsoq,GL,2020-08-24 02:49:22,65.42,-52.9,44.08,88,100,4.07
220,Ostrovnoy,RU,2020-08-24 02:49:22,68.05,39.51,55.81,87,5,18.81
221,Itarema,BR,2020-08-24 02:49:23,-2.92,-39.92,76.96,80,38,16.08
222,Chebsara,RU,2020-08-24 02:49:23,59.2,38.84,60.8,100,90,4.47
223,Hopkinsville,US,2020-08-24 02:45:40,36.87,-87.49,77.0,88,1,4.38
224,Coquimbo,CL,2020-08-24 02:45:43,-29.95,-71.34,55.4,62,94,8.1
225,Turkan,AZ,2020-08-24 02:49:23,40.36,50.22,69.8,73,40,11.41
226,Olinda,BR,2020-08-24 02:49:24,-8.01,-34.86,77.0,73,40,5.82
227,Nemuro,JP,2020-08-24 02:45:34,43.32,145.57,69.8,88,75,3.36
228,Surat,IN,2020-08-24 02:49:24,21.17,72.83,80.44,86,100,16.87
229,Lososina,RU,2020-08-24 02:49:24,49.0,140.31,68.18,74,91,6.38
230,Nishihara,JP,2020-08-24 02:49:25,26.18,127.76,80.6,94,90,31.09
231,Ovalle,CL,2020-08-24 02:49:25,-30.6,-71.2,50.88,74,97,3.29
232,Villazon,BO,2020-08-24 02:49:25,-22.09,-65.59,39.52,57,0,0.65
233,Sandwick,GB,2020-08-24 02:49:25,60.0,-1.25,48.2,87,51,5.82
234,Huarmey,PE,2020-08-24 02:49:25,-10.07,-78.15,59.97,86,12,8.63
235,Saskylakh,RU,2020-08-24 02:46:03,71.92,114.08,54.61,52,0,12.95
236,Oxbow,CA,2020-08-24 02:49:26,49.23,-102.17,64.4,48,1,8.05
237,Tongren,CN,2020-08-24 02:49:26,27.72,109.19,88.2,62,1,7.4
238,Kem,RU,2020-08-24 02:49:26,64.96,34.58,53.38,91,0,9.55
239,Ahipara,NZ,2020-08-24 02:49:26,-35.17,173.17,58.14,78,80,16.75
240,Almeirim,BR,2020-08-24 02:49:26,-1.52,-52.58,73.8,91,19,2.51
241,Yacuiba,BO,2020-08-24 02:49:27,-22.04,-63.68,56.35,62,0,3.53
242,Saint-Francois,FR,2020-08-24 02:49:27,46.42,3.91,57.2,87,80,2.24
243,Kemijarvi,FI,2020-08-24 02:49:27,66.71,27.43,50.76,85,8,8.88
244,Pacific Grove,US,2020-08-24 02:49:27,36.62,-121.92,66.2,72,1,4.7
245,Rio Claro,BR,2020-08-24 02:47:07,-22.41,-47.56,57.2,76,0,9.17
246,Padang,ID,2020-08-24 02:49:27,-0.95,100.35,86.05,59,66,2.59
247,Bogovarovo,RU,2020-08-24 02:49:28,58.98,47.02,56.7,85,100,5.64
248,Saint George,US,2020-08-24 02:46:04,37.1,-113.58,96.8,25,1,21.92
249,Sandpoint,US,2020-08-24 02:49:28,48.28,-116.55,73.99,43,1,0.58
250,Meulaboh,ID,2020-08-24 02:49:28,4.14,96.13,84.49,70,12,5.19
251,Tura,IN,2020-08-24 02:49:29,25.52,90.22,82.15,82,80,3.69
252,Burnie,AU,2020-08-24 02:49:29,-41.07,145.92,51.01,56,5,10.0
253,Garden City,US,2020-08-24 02:45:00,42.33,-83.33,81.0,69,75,5.82
254,Khatanga,RU,2020-08-24 02:48:35,71.97,102.5,66.34,49,98,12.82
255,Polson,US,2020-08-24 02:49:29,47.69,-114.16,77.0,53,0,4.0
256,Porto Novo,BJ,2020-08-24 02:49:30,6.5,2.6,72.79,89,100,5.57
257,Castro Verde,PT,2020-08-24 02:49:30,37.7,-8.09,62.6,82,0,5.82
258,Sayyan,YE,2020-08-24 02:49:30,15.17,44.32,64.74,59,95,2.64
259,Akureyri,IS,2020-08-24 02:49:30,65.68,-18.09,37.4,93,100,2.24
260,Iqaluit,CA,2020-08-24 02:45:12,63.75,-68.51,41.0,86,40,4.7
261,Ewa Beach,US,2020-08-24 02:49:06,21.32,-158.01,89.6,49,1,9.17
262,Adrar,MR,2020-08-24 02:49:31,20.5,-10.07,92.37,30,0,12.1
263,Campanario,ES,2020-08-24 02:49:31,38.86,-5.62,68.41,28,0,1.57
264,Kaitangata,NZ,2020-08-24 02:45:52,-46.28,169.85,53.01,88,54,8.01
265,Shimoda,JP,2020-08-24 02:49:31,34.67,138.95,84.2,79,20,12.75
266,Miri,MY,2020-08-24 02:49:32,4.41,114.01,86.0,74,40,4.7
267,Manaure,CO,2020-08-24 02:49:32,11.78,-72.44,83.62,75,72,6.76
268,Dutlwe,BW,2020-08-24 02:49:32,-23.98,23.9,52.41,47,0,9.35
269,Shahabad,IN,2020-08-24 02:49:32,27.65,79.95,83.84,77,30,8.05
270,Denpasar,ID,2020-08-24 02:47:27,-8.65,115.22,81.57,69,57,8.61
271,Honningsvag,NO,2020-08-24 02:48:00,70.98,25.97,52.16,94,100,17.76
272,Wajima,JP,2020-08-24 02:49:33,37.4,136.9,84.2,79,40,6.93
273,Wanaka,NZ,2020-08-24 02:49:33,-44.7,169.15,50.86,67,99,7.0
274,Hirara,JP,2020-08-24 02:49:33,24.8,125.28,84.2,79,75,13.87
275,Delta Del Tigre,UY,2020-08-24 02:49:33,-34.76,-56.39,57.99,71,0,13.87
276,Laramie,US,2020-08-24 02:49:34,41.31,-105.59,75.99,17,1,9.17
277,Nakhon Pathom,TH,2020-08-24 02:49:34,13.82,100.04,86.0,71,84,5.55
278,Chapais,CA,2020-08-24 02:47:42,49.78,-74.85,53.6,81,1,3.36
279,Palmer,US,2020-08-24 02:49:34,42.16,-72.33,69.8,88,75,5.82
280,Kronshtadt,RU,2020-08-24 02:46:43,59.99,29.77,60.01,87,30,4.47
281,Batangafo,CF,2020-08-24 02:49:35,7.3,18.28,69.93,98,100,5.06
282,Rocha,UY,2020-08-24 02:49:35,-34.48,-54.33,50.92,89,0,11.23
283,Venice,US,2020-08-24 02:49:35,27.1,-82.45,84.99,79,1,11.41
284,Margate,GB,2020-08-24 02:46:28,51.38,1.39,61.0,79,89,1.99
285,Bure,ET,2020-08-24 02:49:36,10.7,37.07,55.4,95,100,2.46
286,Moose Factory,CA,2020-08-24 02:49:36,51.26,-80.61,48.2,87,75,4.7
287,Big Spring,US,2020-08-24 02:49:36,32.25,-101.48,86.0,28,1,11.41
288,Barentu,ER,2020-08-24 02:49:36,15.11,37.59,68.77,88,88,5.79
289,Santa Maria,BR,2020-08-24 02:49:36,-29.68,-53.81,53.56,83,0,7.05
290,Mackenzie,CA,2020-08-24 02:46:04,55.3,-123.17,59.0,72,90,5.82
291,Fianarantsoa,MG,2020-08-24 02:49:37,-21.43,47.08,45.37,95,0,1.36
292,Yangjiang,CN,2020-08-24 02:49:37,21.85,111.97,90.0,63,0,8.72
293,Kushiro,JP,2020-08-24 02:49:37,42.98,144.37,69.8,88,75,8.05
294,Beringovskiy,RU,2020-08-24 02:49:37,63.05,179.32,54.95,77,49,6.38
295,Jalu,LY,2020-08-24 02:49:38,29.03,21.55,74.17,53,0,9.08
296,Kodiak,US,2020-08-24 02:49:38,57.79,-152.41,57.2,87,90,3.36
297,Petropavlovsk-Kamchatskiy,RU,2020-08-24 02:49:38,53.05,158.65,66.2,48,75,6.71
298,Kahului,US,2020-08-24 02:49:38,20.89,-156.47,89.6,46,40,19.46
299,Neuquen,AR,2020-08-24 02:48:19,-38.95,-68.06,55.4,47,71,3.36
300,Storslett,NO,2020-08-24 02:49:38,69.77,21.02,51.67,84,100,9.06
301,Necochea,AR,2020-08-24 02:45:58,-38.55,-58.74,48.99,79,33,8.99
302,Baracoa,CU,2020-08-24 02:49:39,20.35,-74.5,79.7,80,100,14.5
303,Teruel,ES,2020-08-24 02:49:39,40.67,-0.67,68.0,59,90,5.82
304,Thunder Bay,CA,2020-08-24 02:49:39,48.4,-89.32,66.2,93,75,6.93
305,Port Macquarie,AU,2020-08-24 02:47:02,-31.43,152.92,66.0,34,0,1.01
306,Trabzon,TR,2020-08-24 02:49:40,40.92,39.83,73.4,43,20,9.17
307,Fukue,JP,2020-08-24 02:49:40,32.69,128.84,86.0,84,75,5.82
308,Vostok,RU,2020-08-24 02:49:40,46.49,135.88,71.74,58,100,3.83
309,Tuy Hoa,VN,2020-08-24 02:46:39,13.08,109.3,89.94,59,81,8.21
310,Dunedin,NZ,2020-08-24 02:46:27,-45.87,170.5,54.0,84,89,1.01
311,Yelan,RU,2020-08-24 02:49:41,50.95,43.74,56.43,70,0,3.24
312,General Roca,AR,2020-08-24 02:49:41,-39.03,-67.58,55.4,47,49,3.36
313,Matara,LK,2020-08-24 02:49:41,5.95,80.54,82.81,71,95,6.11
314,Sinyavskoye,RU,2020-08-24 02:49:41,47.28,39.28,53.6,54,0,4.47
315,Krishnarajpet,IN,2020-08-24 02:49:42,12.65,76.49,71.6,94,40,6.93
316,Mildura,AU,2020-08-24 02:49:42,-34.2,142.15,53.01,53,90,4.7
317,Luwuk,ID,2020-08-24 02:46:19,-0.95,122.79,85.5,58,69,6.15
318,Maridi,SS,2020-08-24 02:49:42,4.92,29.47,64.9,97,100,4.32
319,Labuhan,ID,2020-08-24 02:49:42,-6.88,112.21,86.61,52,17,12.82
320,Sinnar,SD,2020-08-24 02:49:43,13.57,33.57,75.02,85,100,9.53
321,Lubbock,US,2020-08-24 02:45:04,33.6,-101.83,84.99,34,1,10.29
322,Waipawa,NZ,2020-08-24 02:46:27,-41.41,175.52,57.2,71,7,19.46
323,Helong,CN,2020-08-24 02:49:43,42.54,129.0,77.59,61,100,3.8
324,San Patricio,MX,2020-08-24 02:49:43,19.22,-104.7,80.83,82,89,2.06
325,Ardabil,IR,2020-08-24 02:49:44,38.25,48.29,48.2,100,75,11.41
326,Boca Do Acre,BR,2020-08-24 02:49:44,-8.75,-67.4,69.12,60,4,1.95
327,Saint Anthony,US,2020-08-24 02:49:44,45.02,-93.22,80.6,69,1,3.11
328,Lagoa,PT,2020-08-24 02:49:44,39.05,-27.98,72.9,88,0,16.87
329,Adiake,CI,2020-08-24 02:49:44,5.29,-3.3,75.2,100,20,2.24
330,Atamanovka,RU,2020-08-24 02:49:45,51.93,113.63,62.6,77,75,4.47
331,Balagunan,PH,2020-08-24 02:49:45,7.49,125.52,88.14,63,77,3.24
332,Kaeo,NZ,2020-08-24 02:49:45,-35.1,173.78,57.0,3,78,11.99
333,Ust-Kuyga,RU,2020-08-24 02:49:45,70.02,135.6,45.81,58,25,15.05
334,Praia,CV,2020-08-24 02:48:53,14.92,-23.51,80.6,83,40,5.82
335,Emilio Carranza,MX,2020-08-24 02:46:21,19.97,-96.61,78.85,79,39,6.4
336,Marti,CU,2020-08-24 02:49:46,22.95,-80.92,80.6,94,20,6.93
337,Sao Filipe,CV,2020-08-24 02:49:46,14.9,-24.5,79.11,86,89,15.23
338,Ortona,IT,2020-08-24 02:49:46,42.35,14.4,75.2,73,29,3.36
339,Muros,ES,2020-08-24 02:49:47,42.78,-9.06,62.01,85,1,9.93
340,Popondetta,PG,2020-08-24 02:49:47,-8.75,148.25,89.19,43,100,7.78
341,Tautira,PF,2020-08-24 02:49:47,-17.73,-149.15,80.6,69,40,5.82
342,Port Hedland,AU,2020-08-24 02:49:47,-20.32,118.57,91.4,15,17,8.05
343,Chuguyevka,RU,2020-08-24 02:49:47,44.17,133.86,77.5,68,99,5.55
344,Verkhoyansk,RU,2020-08-24 02:49:47,67.54,133.38,46.89,55,87,10.11
345,Comodoro Rivadavia,AR,2020-08-24 02:45:01,-45.87,-67.5,44.6,75,40,1.12
346,Nikolskoye,RU,2020-08-24 02:49:48,59.7,30.79,60.01,87,84,4.47
347,Pingdingshan,CN,2020-08-24 02:49:48,33.74,113.3,84.47,61,71,17.58
348,Kysyl-Syr,RU,2020-08-24 02:49:48,63.9,122.76,55.24,46,0,8.37
349,Ribeira Brava,PT,2020-08-24 02:49:48,32.65,-17.07,75.2,60,20,19.46
350,San Juan,AR,2020-08-24 02:45:06,-31.54,-68.54,53.51,35,0,3.62
351,Kpandae,GH,2020-08-24 02:49:49,8.47,-0.01,71.73,90,100,6.26
352,Harper,LR,2020-08-24 02:49:49,4.38,-7.72,75.9,81,100,7.11
353,Palu,ID,2020-08-24 02:49:49,-0.89,119.87,92.03,47,55,1.7
354,Yar-Sale,RU,2020-08-24 02:45:45,66.83,70.83,53.87,86,86,13.56
355,Cartagena Del Chaira,CO,2020-08-24 02:49:49,1.33,-74.84,70.29,90,1,0.74
356,Shache,CN,2020-08-24 02:49:50,38.42,77.24,86.72,13,0,5.82
357,Poum,NC,2020-08-24 02:49:50,-20.23,164.02,72.19,78,68,19.37
358,Hambantota,LK,2020-08-24 02:45:53,6.12,81.12,80.6,94,20,5.82
359,Nanyamba,TZ,2020-08-24 02:49:50,-10.68,39.83,68.04,85,99,4.0
360,Karratha,AU,2020-08-24 02:48:17,-20.74,116.85,89.4,16,1,2.8
361,Suez,EG,2020-08-24 02:49:51,29.97,32.53,73.56,75,0,9.46
362,Clyde River,CA,2020-08-24 02:49:51,70.47,-68.59,41.81,90,100,3.49
363,Acapulco,MX,2020-08-24 02:49:52,16.86,-99.89,82.4,78,75,3.36
364,Lakes Entrance,AU,2020-08-24 02:49:52,-37.88,147.98,55.0,61,64,3.0
365,Hofn,IS,2020-08-24 02:49:52,64.25,-15.21,48.29,84,100,8.25
366,Jhinjhak,IN,2020-08-24 02:49:52,26.57,79.73,82.98,76,13,8.9
367,Mareeba,AU,2020-08-24 02:49:52,-17.0,145.43,82.0,38,50,1.99
368,Batemans Bay,AU,2020-08-24 02:45:40,-35.72,150.18,60.01,50,0,5.01
369,Numata,JP,2020-08-24 02:49:53,36.63,139.05,88.0,54,5,7.0
370,Atambua,ID,2020-08-24 02:49:53,-9.11,124.89,85.46,35,0,4.61
371,Peterhead,GB,2020-08-24 02:49:53,57.51,-1.8,52.0,81,40,6.93
372,Jishou,CN,2020-08-24 02:49:53,28.32,109.72,88.57,62,4,6.06
373,Conceicao Do Araguaia,BR,2020-08-24 02:49:53,-8.26,-49.26,82.27,45,97,1.68
374,Bredasdorp,ZA,2020-08-24 02:49:54,-34.53,20.04,55.4,93,100,2.24
375,Kenai,US,2020-08-24 02:49:54,60.55,-151.26,62.6,72,75,13.87
376,Pringsewu,ID,2020-08-24 02:49:54,-5.36,104.97,84.97,63,61,4.59
377,Nata,PA,2020-08-24 02:49:54,8.33,-80.52,73.99,85,99,3.33
378,Verkhnyaya Toyma,RU,2020-08-24 02:49:54,62.23,45.0,58.91,95,100,5.46
379,Faya,SA,2020-08-24 02:49:55,18.39,42.45,71.6,56,54,2.59
380,Puerto Leguizamo,CO,2020-08-24 02:49:55,-0.19,-74.78,69.93,87,0,1.77
381,Port Lincoln,AU,2020-08-24 02:46:12,-34.73,135.87,54.01,66,99,6.93
382,Lata,PT,2020-08-24 02:46:26,40.16,-8.33,64.0,85,10,2.89
383,Ankang,CN,2020-08-24 02:49:55,32.68,109.02,71.26,89,100,2.53
384,Benguela,AO,2020-08-24 02:49:56,-12.58,13.41,68.0,87,43,1.59
385,Garowe,SO,2020-08-24 02:49:56,8.41,48.48,72.82,69,78,22.91
386,Pokhara,NP,2020-08-24 02:49:56,28.23,83.98,79.0,70,66,2.75
387,Isla Mujeres,MX,2020-08-24 02:49:56,21.23,-86.73,84.0,88,75,4.7
388,Mezen,RU,2020-08-24 02:49:56,65.85,44.24,59.47,94,95,8.52
389,Vir,HR,2020-08-24 02:49:57,44.3,15.09,73.4,64,52,5.82
390,Kudahuvadhoo,MV,2020-08-24 02:49:57,2.67,72.89,83.07,66,79,3.53
391,Pedernales,DO,2020-08-24 02:49:57,18.04,-71.74,81.97,70,97,6.55
392,Deputatskiy,RU,2020-08-24 02:49:57,69.3,139.9,36.1,82,99,6.67
393,Ballina,AU,2020-08-24 02:49:58,-28.87,153.57,68.0,36,0,6.93
394,Santa Isabel Do Rio Negro,BR,2020-08-24 02:49:58,-0.41,-65.02,74.21,71,0,1.07
395,Gejiu,CN,2020-08-24 02:49:58,23.31,103.16,68.81,83,93,3.89
396,Kortkeros,RU,2020-08-24 02:49:58,61.81,51.58,57.2,100,20,2.24
397,Tierralta,CO,2020-08-24 02:49:51,8.17,-76.06,75.96,90,88,3.4
398,Atocha,BO,2020-08-24 02:49:59,-20.93,-66.23,39.58,60,0,12.84
399,Warmbad,NA,2020-08-24 02:49:59,-28.45,18.73,56.17,35,0,2.66
400,Bogorodskoye,RU,2020-08-24 02:50:00,56.55,37.88,61.29,77,100,10.74
401,Basco,PH,2020-08-24 02:50:00,20.45,121.97,84.09,80,100,25.55
402,Kahna Nau,PK,2020-08-24 02:50:00,31.37,74.37,84.2,83,0,9.17
403,Westport,US,2020-08-24 02:50:00,41.14,-73.36,75.2,88,1,5.82
404,Lexington,US,2020-08-24 02:46:42,37.99,-84.48,73.4,83,1,4.7
405,Kununurra,AU,2020-08-24 02:50:01,-15.77,128.73,89.6,13,0,8.05
406,Omboue,GA,2020-08-24 02:50:01,-1.57,9.26,73.06,81,100,5.73
407,Sanchor,IN,2020-08-24 02:50:01,24.76,71.77,82.04,82,100,5.06
408,Puerto Colombia,CO,2020-08-24 02:50:02,10.99,-74.95,78.8,88,40,2.24
409,Maputo,MZ,2020-08-24 02:50:02,-25.97,32.59,59.0,100,0,8.05
410,Balkhash,KZ,2020-08-24 02:50:02,46.84,74.98,73.4,46,1,6.71
411,Galveston,US,2020-08-24 02:50:02,29.37,-94.97,88.0,58,1,8.05
412,Hunchun,CN,2020-08-24 02:50:02,42.87,130.36,76.08,78,100,8.19
413,Lypova Dolyna,UA,2020-08-24 02:50:03,50.56,33.8,58.71,55,0,8.14
414,Peniche,PT,2020-08-24 02:50:03,39.36,-9.38,66.99,92,69,1.01
415,Padilla,CO,2020-08-24 02:50:03,3.22,-76.31,71.6,73,75,2.24
416,Yaan,NG,2020-08-24 02:50:03,7.38,8.57,70.97,97,100,5.55
417,Kailua,US,2020-08-24 02:50:03,21.4,-157.74,87.8,62,40,11.41
418,Caldwell,US,2020-08-24 02:50:04,43.66,-116.69,87.8,31,1,3.36
419,El Alto,PE,2020-08-24 02:50:04,-4.27,-81.21,60.13,83,0,14.43
420,Antequera,ES,2020-08-24 02:50:04,37.02,-4.56,77.0,88,40,1.12
421,Aswan,EG,2020-08-24 02:50:04,24.09,32.91,79.27,30,0,2.93
422,Makakilo City,US,2020-08-24 02:48:13,21.35,-158.09,89.6,49,1,9.17
423,Fougeres,FR,2020-08-24 02:50:05,48.35,-1.2,55.4,93,75,2.24
424,Zakamensk,RU,2020-08-24 02:50:05,50.37,103.29,65.8,44,14,2.95
425,Sereflikochisar,TR,2020-08-24 02:50:05,38.94,33.54,59.9,66,0,8.39
426,Simpang,ID,2020-08-24 02:50:05,-1.27,104.08,84.45,76,99,4.16
427,Behbahan,IR,2020-08-24 02:50:05,30.6,50.24,82.4,48,0,4.7
428,Havre-Saint-Pierre,CA,2020-08-24 02:50:06,50.23,-63.6,53.6,93,90,10.29
429,Cacu,BR,2020-08-24 02:50:06,-18.56,-51.13,67.05,61,0,4.12
430,Provideniya,RU,2020-08-24 02:50:06,64.38,-173.3,53.6,76,75,6.71
431,Quelimane,MZ,2020-08-24 02:50:06,-17.88,36.89,61.75,91,0,2.33
432,Garissa,KE,2020-08-24 02:50:07,-0.45,39.64,73.0,74,89,16.24
433,Rudbar,AF,2020-08-24 02:50:07,30.15,62.6,92.61,40,0,12.35
434,Churapcha,RU,2020-08-24 02:50:07,62.0,132.43,54.09,51,100,7.34
435,Vondrozo,MG,2020-08-24 02:50:07,-22.82,47.28,52.48,100,45,1.97
436,Zambezi,ZM,2020-08-24 02:50:07,-13.54,23.1,54.66,52,85,4.52
437,Kofele,ET,2020-08-24 02:50:08,7.07,38.78,50.31,98,95,4.38
438,Beisfjord,NO,2020-08-24 02:50:08,68.38,17.6,50.0,87,96,21.92
439,Madisonville,US,2020-08-24 02:48:17,37.33,-87.5,75.2,83,1,4.05
440,Berlevag,NO,2020-08-24 02:50:08,70.86,29.09,54.1,88,100,8.7
441,Pemba,MZ,2020-08-24 02:50:08,-12.97,40.52,71.6,78,40,5.82
442,Klaksvik,FO,2020-08-24 02:45:41,62.23,-6.59,44.6,93,95,13.94
443,Cockburn Town,TC,2020-08-24 02:50:09,21.46,-71.14,84.02,83,100,23.67
444,Ibra,OM,2020-08-24 02:50:09,22.69,58.53,79.9,68,77,5.48
445,Sechura,PE,2020-08-24 02:50:09,-5.56,-80.82,62.02,79,0,9.8
446,Christchurch,NZ,2020-08-24 02:46:29,-43.53,172.63,60.01,71,100,9.17
447,Nantucket,US,2020-08-24 02:50:10,41.28,-70.1,69.8,94,40,6.93
448,Dalbandin,PK,2020-08-24 02:50:10,28.89,64.41,87.4,52,1,7.85
449,Pedro Juan Caballero,PY,2020-08-24 02:50:10,-22.55,-55.73,59.36,83,0,15.39
450,Verkh-Usugli,RU,2020-08-24 02:50:10,52.7,115.17,55.0,84,100,3.74
451,Half Moon Bay,US,2020-08-24 02:45:50,37.46,-122.43,70.0,93,1,5.82
452,Fairbanks,US,2020-08-24 02:47:24,64.84,-147.72,69.8,46,40,7.7
453,Zyryanskoye,RU,2020-08-24 02:50:11,56.83,86.63,61.66,73,3,6.93
454,Nome,US,2020-08-24 02:45:43,64.5,-165.41,53.6,81,90,8.05
455,Kibaya,TZ,2020-08-24 02:50:11,-5.3,36.57,55.0,94,79,4.59
456,Gat,IL,2020-08-24 02:50:11,31.61,34.76,75.99,29,0,2.46
457,Rawson,AR,2020-08-24 02:48:44,-43.3,-65.1,53.06,44,100,1.81
458,Wagar,SD,2020-08-24 02:50:12,16.15,36.2,80.31,71,45,16.46
459,Bratsk,RU,2020-08-24 02:46:31,56.13,101.61,64.4,63,64,2.24
460,Yarega,RU,2020-08-24 02:50:12,63.44,53.58,56.23,92,100,4.61
461,Atar,MR,2020-08-24 02:50:13,20.52,-13.05,87.3,53,27,11.43
462,Korce,AL,2020-08-24 02:50:13,40.62,20.78,64.4,82,20,3.36
463,Hays,US,2020-08-24 02:50:13,30.05,-98.03,84.0,54,63,4.79
464,Beruwala,LK,2020-08-24 02:50:13,6.48,79.98,82.74,74,87,4.23
465,Darnah,LY,2020-08-24 02:46:29,32.77,22.64,77.81,78,0,15.03
466,Dryden,CA,2020-08-24 02:50:14,49.78,-92.75,69.8,88,1,4.7
467,Haines Junction,CA,2020-08-24 02:50:14,60.75,-137.51,60.75,61,61,4.05
468,Vallenar,CL,2020-08-24 02:50:14,-28.57,-70.76,49.5,80,23,4.14
469,Alpena,US,2020-08-24 02:50:14,45.06,-83.43,66.99,100,20,0.72
470,Kirakira,SB,2020-08-24 02:50:15,-10.45,161.92,85.57,65,97,6.08
471,Vanavara,RU,2020-08-24 02:50:15,60.34,102.28,63.43,49,59,7.61
472,Kamloops,CA,2020-08-24 02:49:08,50.67,-120.32,69.8,49,75,2.24
473,Bathsheba,BB,2020-08-24 02:45:59,13.22,-59.52,80.6,83,40,8.05
474,Damietta,EG,2020-08-24 02:50:16,31.42,31.81,78.8,88,0,11.41
475,Linjiang,CN,2020-08-24 02:50:16,41.81,126.91,74.84,64,100,2.28
476,Luanda,AO,2020-08-24 02:48:10,-8.84,13.23,69.8,88,75,2.24
477,Eurajoki,FI,2020-08-24 02:50:17,61.2,21.73,55.4,93,0,5.82
478,Ucluelet,CA,2020-08-24 02:50:17,48.93,-125.55,60.01,84,100,1.01
479,Oistins,BB,2020-08-24 02:49:40,13.07,-59.53,80.6,83,40,8.05
480,Diamantino,BR,2020-08-24 02:50:17,-14.41,-56.45,73.47,48,0,2.86
481,Gondanglegi,ID,2020-08-24 02:50:17,-7.75,112.01,86.9,51,63,7.56
482,Ilhabela,BR,2020-08-24 02:50:18,-23.78,-45.36,61.99,79,6,2.93
483,Dhidhdhoo,MV,2020-08-24 02:50:18,6.88,73.1,83.5,69,71,7.38
484,Port-Cartier,CA,2020-08-24 02:50:18,50.03,-66.87,55.0,100,40,3.36
485,Talas,TR,2020-08-24 02:50:18,38.69,35.55,55.4,66,0,6.93
486,Turukhansk,RU,2020-08-24 02:50:18,65.82,87.98,61.23,70,95,11.43
487,Eydhafushi,MV,2020-08-24 02:50:19,5.1,73.07,82.8,69,44,2.89
488,Neryungri,RU,2020-08-24 02:50:19,56.67,124.65,60.62,53,100,3.11
489,Pamekasan,ID,2020-08-24 02:50:19,-7.16,113.47,86.92,52,0,15.99
490,Campbell River,CA,2020-08-24 02:50:19,50.02,-125.24,64.4,68,75,5.82
491,Hammerfest,NO,2020-08-24 02:48:37,70.66,23.68,51.8,100,100,20.8
492,Naples,IT,2020-08-24 02:50:20,40.83,14.25,77.0,83,20,4.7
493,Leningradskiy,RU,2020-08-24 02:50:21,69.38,178.42,44.91,86,99,10.8
494,Mtwara,TZ,2020-08-24 02:50:21,-10.27,40.18,70.25,85,99,6.8
495,Ginda,IN,2020-08-24 02:50:21,30.69,78.49,77.0,94,40,2.98
496,Beloha,MG,2020-08-24 02:50:22,-25.17,45.05,63.66,77,0,7.49
497,Lokosovo,RU,2020-08-24 02:50:22,61.13,74.82,54.09,88,87,3.04
498,Bosaso,SO,2020-08-24 02:50:22,11.28,49.18,88.65,44,62,17.16
499,Nanortalik,GL,2020-08-24 02:50:23,60.14,-45.24,42.37,87,32,7.4
500,Araguacu,BR,2020-08-24 02:50:23,-12.93,-49.83,82.63,38,69,5.46
501,Kiunga,PG,2020-08-24 02:50:23,-6.12,141.29,84.67,63,54,4.38
502,Cam Ranh,VN,2020-08-24 02:50:24,11.92,109.16,93.2,59,20,2.24
503,Biritiba-Mirim,BR,2020-08-24 02:50:24,-23.57,-46.04,62.01,76,40,5.82
504,Komsomolskiy,UZ,2020-08-24 02:50:25,40.43,71.72,75.2,33,0,6.93
505,Barzas,RU,2020-08-24 02:50:25,55.72,86.32,57.2,87,40,2.24
506,Chimore,BO,2020-08-24 02:50:25,-16.98,-65.13,62.58,72,0,2.82
507,Mmabatho,ZA,2020-08-24 02:50:25,-25.85,25.63,44.6,52,0,5.82
508,Salamiyah,SY,2020-08-24 02:50:26,35.01,37.05,62.89,51,0,1.52
509,Aripuana,BR,2020-08-24 02:50:26,-9.17,-60.63,74.14,47,0,1.77
510,Owo,NG,2020-08-24 02:50:26,7.2,5.59,69.17,98,100,3.89
511,Buraydah,SA,2020-08-24 02:49:17,26.33,43.98,80.6,34,0,6.93
512,Ambilobe,MG,2020-08-24 02:50:27,-13.2,49.05,63.25,81,74,3.49
513,Yulara,AU,2020-08-24 02:50:27,-25.24,130.99,77.0,18,0,10.29
514,Galesong,ID,2020-08-24 02:50:28,-5.32,119.37,84.45,50,0,3.51
515,Kokopo,PG,2020-08-24 02:50:28,-4.35,152.26,75.65,89,100,6.64
516,San Fernando,PH,2020-08-24 02:50:28,15.03,120.69,90.0,64,74,5.01
517,Camacha,PT,2020-08-24 02:50:28,33.08,-16.33,71.6,83,40,13.87
518,Kupang,ID,2020-08-24 02:50:29,-10.17,123.58,88.57,37,2,11.27
519,Guican,CO,2020-08-24 02:50:29,6.46,-72.41,50.38,86,100,3.62
520,Nevel,RU,2020-08-24 02:50:29,56.02,29.93,57.6,96,100,4.83
521,Severo-Yeniseyskiy,RU,2020-08-24 02:50:29,60.37,93.04,61.07,61,47,4.29
522,Eregli,TR,2020-08-24 02:46:39,37.51,34.05,53.83,72,0,0.69
523,White Rock,CA,2020-08-24 02:45:55,49.02,-122.8,66.0,83,73,1.99
524,Chernyshkovskiy,RU,2020-08-24 02:50:30,48.42,42.23,59.43,55,0,3.11
525,Great Yarmouth,GB,2020-08-24 02:50:30,52.61,1.73,55.0,97,23,11.74
526,Ninghai,CN,2020-08-24 02:50:30,29.29,121.42,96.01,50,0,1.01
527,Svetlogorsk,BY,2020-08-24 02:50:31,52.63,29.73,62.83,98,100,4.9
528,Bow Island,CA,2020-08-24 02:50:31,49.87,-111.37,75.2,25,20,8.05
529,Lixourion,GR,2020-08-24 02:50:32,38.2,20.43,71.6,68,0,4.16
530,Port Blair,IN,2020-08-24 02:50:32,11.67,92.75,84.67,74,92,9.24
531,Yakeshi,CN,2020-08-24 02:50:32,49.28,120.73,68.88,71,79,3.31
532,Inhambane,MZ,2020-08-24 02:50:33,-23.86,35.38,63.28,79,0,7.76
533,Pauini,BR,2020-08-24 02:50:33,-7.71,-66.98,68.77,58,54,0.43
534,Takoradi,GH,2020-08-24 02:50:33,4.88,-1.76,72.86,90,32,8.79
535,Ponerihouen,NC,2020-08-24 02:50:33,-21.08,165.4,77.32,68,71,6.4
536,Vila Franca Do Campo,PT,2020-08-24 02:50:34,37.72,-25.43,69.8,94,20,4.7
537,Krasnoturansk,RU,2020-08-24 02:50:34,54.32,91.56,64.4,68,71,2.24
538,Hovd,MN,2020-08-24 02:50:34,48.01,91.64,65.14,34,99,0.49
539,Macheng,CN,2020-08-24 02:50:34,31.18,115.03,86.0,79,0,9.95
540,Melfi,IT,2020-08-24 02:50:34,41.0,15.65,73.4,78,5,1.12
541,Aykhal,RU,2020-08-24 02:46:13,66.0,111.5,53.6,50,0,4.47
542,Ferkessedougou,CI,2020-08-24 02:50:35,9.6,-5.2,70.16,94,35,5.75
543,Vaitape,PF,2020-08-24 02:50:35,-16.52,-151.75,77.99,77,17,20.0
544,Clonakilty,IE,2020-08-24 02:50:35,51.62,-8.87,57.99,100,75,3.36
545,Zhengjiatun,CN,2020-08-24 02:50:36,43.51,123.51,69.48,93,100,0.89
546,Tahta,EG,2020-08-24 02:50:36,26.77,31.5,78.8,34,0,3.36
547,Samana,DO,2020-08-24 02:46:05,19.21,-69.34,79.66,90,100,8.37
548,Salinopolis,BR,2020-08-24 02:50:37,-0.61,-47.36,79.02,84,6,11.45
549,Oranjemund,NA,2020-08-24 02:50:37,-28.55,16.43,51.87,94,1,6.44
550,Baykit,RU,2020-08-24 02:45:52,61.67,96.37,65.03,63,2,3.8
551,Sudislavl,RU,2020-08-24 02:50:38,57.88,41.71,60.51,81,100,6.08
552,Luena,AO,2020-08-24 02:50:38,-11.78,19.92,58.3,40,90,6.35
553,Goure,NE,2020-08-24 02:46:25,13.98,10.27,82.35,59,99,6.67
554,Epanomi,GR,2020-08-24 02:50:38,40.43,22.93,78.01,64,0,3.36
555,Wuwei,CN,2020-08-24 02:50:38,37.93,102.64,80.56,20,0,2.59
556,Zhezkazgan,KZ,2020-08-24 02:50:39,47.8,67.71,62.6,63,75,15.66
557,La Libertad,EC,2020-08-24 02:50:39,-2.23,-80.9,68.0,88,90,8.05
558,Yeovil,GB,2020-08-24 02:50:39,50.94,-2.63,57.2,87,73,5.82
559,Am Timan,TD,2020-08-24 02:50:40,11.03,20.28,71.49,93,100,2.08
560,Sisimiut,GL,2020-08-24 02:50:40,66.94,-53.67,44.2,87,46,4.38
561,Norsup,VU,2020-08-24 02:50:40,-16.07,167.38,83.41,74,92,9.62
562,Polunochnoye,RU,2020-08-24 02:50:41,60.87,60.42,52.45,73,0,1.95
563,Yaya,RU,2020-08-24 02:50:41,56.21,86.44,60.31,80,8,6.76
564,Parry Sound,CA,2020-08-24 02:50:41,45.35,-80.03,73.99,84,1,3.0
565,Totma,RU,2020-08-24 02:50:41,59.97,42.76,59.5,96,100,6.22
